key,type
8FLVS0,reprint
LKF40C,reprint
NMR5AW,reprint
NWKWR7,reprint
Y63G5P,reprint
U0105U,reprint
MBTNS7,reprint
X65XY0,reprint
C3FKBW,reprint
GY8NU4,reprint
RJJ2ER,reprint
P3Y44J,reprint
7BDH40,reprint
1E9FSI,reprint
JG2OCV,reprint
O56JUE,reprint
6TZUKK,reprint
RRMFS9,reprint
7BZII3,reprint
XE7Q8U,reprint
R1Q2YT,reprint
PEFQCG,reprint
IJTAW0,reprint
DI1HUP,reprint
TLOW8P,reprint
2LJ5VI,reprint
V6Q1EV,reprint
V7DASV,reprint
S9P7Q7,reprint
SD0LIA,reprint
53VCU6,reprint
A6ANJ3,reprint
NU4ARY,reprint
9ZQKIV,reprint
ROG81T,reprint
FOT0ZG,reprint
5BXTFG,reprint
JWV81O,reprint
ATEUPU,reprint
RDE28F,reprint
MWEUI5,reprint
SD2Y3X,reprint
NMAV1L,reprint
IUOBOR,reprint
T5RNN2,reprint
KNYEAK,reprint
BJ5A61,reprint
